PassengerId,Unnamed,class,age,sex,survived
191,192,1st class,adults,women,yes
103,104,1st class,adults,man,no
1280,1281,3rd class,child,man,no
60,61,1st class,adults,man,no
1034,1035,3rd class,adults,man,no
822,823,3rd class,adults,man,no
1148,1149,3rd class,adults,women,no
713,714,3rd class,adults,man,no
1158,1159,3rd class,adults,women,no
466,467,2nd class,adults,man,no
752,753,3rd class,adults,man,no
569,570,2nd class,adults,women,yes
82,83,1st class,adults,man,no
571,572,2nd class,adults,women,yes
1238,1239,3rd class,child,man,yes
1016,1017,3rd class,adults,man,no
790,791,3rd class,adults,man,no
930,931,3rd class,adults,man,no
252,253,1st class,adults,women,yes
957,958,3rd class,adults,man,no
311,312,1st class,adults,women,yes
1139,1140,3rd class,adults,women,yes
113,114,1st class,adults,man,no
764,765,3rd class,adults,man,no
249,250,1st class,adults,women,yes
977,978,3rd class,adults,man,no
263,264,1st class,adults,women,yes
1070,1071,3rd class,adults,man,no
780,781,3rd class,adults,man,no
271,272,1st class,adults,women,yes
717,718,3rd class,adults,man,no
583,584,2nd class,adults,women,no
122,123,1st class,adults,man,no
549,550,2nd class,adults,women,yes
936,937,3rd class,adults,man,no
934,935,3rd class,adults,man,no
16,17,1st class,adults,man,yes
1109,1110,3rd class,adults,women,yes
613,614,3rd class,adults,man,yes
629,630,3rd class,adults,man,yes
1300,1301,3rd class,child,women,no
589,590,2nd class,child,man,yes
608,609,2nd class,child,women,yes
351,352,2nd class,adults,man,no
1263,1264,3rd class,child,man,no
1163,1164,3rd class,adults,women,no
434,435,2nd class,adults,man,no
443,444,2nd class,adults,man,no
467,468,2nd class,adults,man,no
97,98,1st class,adults,man,no
435,436,2nd class,adults,man,no
1101,1102,3rd class,adults,women,yes
1146,1147,3rd class,adults,women,yes
196,197,1st class,adults,women,yes
775,776,3rd class,adults,man,no
183,184,1st class,adults,women,yes
1277,1278,3rd class,child,man,no
446,447,2nd class,adults,man,no
530,531,2nd class,adults,women,yes
667,668,3rd class,adults,man,yes
1025,1026,3rd class,adults,man,no
726,727,3rd class,adults,man,no
1212,1213,3rd class,adults,women,no
175,176,1st class,adults,women,yes
541,542,2nd class,adults,women,yes
81,82,1st class,adults,man,no
267,268,1st class,adults,women,yes
77,78,1st class,adults,man,no
1135,1136,3rd class,adults,women,yes
915,916,3rd class,adults,man,no
386,387,2nd class,adults,man,no
1140,1141,3rd class,adults,women,yes
901,902,3rd class,adults,man,no
831,832,3rd class,adults,man,no
920,921,3rd class,adults,man,no
615,616,3rd class,adults,man,yes
1086,1087,3rd class,adults,women,yes
1149,1150,3rd class,adults,women,no
88,89,1st class,adults,man,no
1001,1002,3rd class,adults,man,no
592,593,2nd class,child,man,yes
651,652,3rd class,adults,man,yes
1081,1082,3rd class,adults,women,yes
834,835,3rd class,adults,man,no
471,472,2nd class,adults,man,no
117,118,1st class,adults,man,no
500,501,2nd class,adults,women,yes
294,295,1st class,adults,women,yes
261,262,1st class,adults,women,yes
1189,1190,3rd class,adults,women,no
505,506,2nd class,adults,women,yes
2,3,1st class,adults,man,yes
405,406,2nd class,adults,man,no
979,980,3rd class,adults,man,no
338,339,2nd class,adults,man,yes
356,357,2nd class,adults,man,no
1168,1169,3rd class,adults,women,no
182,183,1st class,adults,women,yes
438,439,2nd class,adults,man,no
711,712,3rd class,adults,man,no
661,662,3rd class,adults,man,yes
911,912,3rd class,adults,man,no
1017,1018,3rd class,adults,man,no
784,785,3rd class,adults,man,no
801,802,3rd class,adults,man,no
1194,1195,3rd class,adults,women,no
395,396,2nd class,adults,man,no
1170,1171,3rd class,adults,women,no
278,279,1st class,adults,women,yes
239,240,1st class,adults,women,yes
1123,1124,3rd class,adults,women,yes
808,809,3rd class,adults,man,no
110,111,1st class,adults,man,no
1072,1073,3rd class,adults,women,yes
1222,1223,3rd class,adults,women,no
1260,1261,3rd class,child,man,no
1120,1121,3rd class,adults,women,yes
772,773,3rd class,adults,man,no
1027,1028,3rd class,adults,man,no
943,944,3rd class,adults,man,no
975,976,3rd class,adults,man,no
619,620,3rd class,adults,man,yes
892,893,3rd class,adults,man,no
758,759,3rd class,adults,man,no
367,368,2nd class,adults,man,no
1286,1287,3rd class,child,women,yes
1302,1303,3rd class,child,women,no
384,385,2nd class,adults,man,no
200,201,1st class,adults,women,yes
279,280,1st class,adults,women,yes
65,66,1st class,adults,man,no
818,819,3rd class,adults,man,no
1227,1228,3rd class,adults,women,no
898,899,3rd class,adults,man,no
272,273,1st class,adults,women,yes
1256,1257,3rd class,child,man,no
686,687,3rd class,adults,man,no
165,166,1st class,adults,man,no
1054,1055,3rd class,adults,man,no
1310,1311,3rd class,child,women,no
880,881,3rd class,adults,man,no
955,956,3rd class,adults,man,no
1005,1006,3rd class,adults,man,no
1180,1181,3rd class,adults,women,no
654,655,3rd class,adults,man,yes
503,504,2nd class,adults,women,yes
188,189,1st class,adults,women,yes
40,41,1st class,adults,man,yes
961,962,3rd class,adults,man,no
829,830,3rd class,adults,man,no
729,730,3rd class,adults,man,no
724,725,3rd class,adults,man,no
316,317,1st class,adults,women,no
214,215,1st class,adults,women,yes
1312,1313,3rd class,child,women,no
1209,1210,3rd class,adults,women,no
990,991,3rd class,adults,man,no
362,363,2nd class,adults,man,no
938,939,3rd class,adults,man,no
260,261,1st class,adults,women,yes
19,20,1st class,adults,man,yes
255,256,1st class,adults,women,yes
30,31,1st class,adults,man,yes
548,549,2nd class,adults,women,yes
942,943,3rd class,adults,man,no
230,231,1st class,adults,women,yes
464,465,2nd class,adults,man,no
546,547,2nd class,adults,women,yes
678,679,3rd class,adults,man,yes
253,254,1st class,adults,women,yes
805,806,3rd class,adults,man,no
737,738,3rd class,adults,man,no
1248,1249,3rd class,child,man,yes
708,709,3rd class,adults,man,no
980,981,3rd class,adults,man,no
557,558,2nd class,adults,women,yes
264,265,1st class,adults,women,yes
363,364,2nd class,adults,man,no
1187,1188,3rd class,adults,women,no
101,102,1st class,adults,man,no
989,990,3rd class,adults,man,no
1239,1240,3rd class,child,man,yes
1056,1057,3rd class,adults,man,no
761,762,3rd class,adults,man,no
652,653,3rd class,adults,man,yes
753,754,3rd class,adults,man,no
1048,1049,3rd class,adults,man,no
495,496,2nd class,adults,women,yes
759,760,3rd class,adults,man,no
1021,1022,3rd class,adults,man,no
1113,1114,3rd class,adults,women,yes
950,951,3rd class,adults,man,no
366,367,2nd class,adults,man,no
531,532,2nd class,adults,women,yes
907,908,3rd class,adults,man,no
1062,1063,3rd class,adults,man,no
206,207,1st class,adults,women,yes
79,80,1st class,adults,man,no
190,191,1st class,adults,women,yes
492,493,2nd class,adults,man,no
581,582,2nd class,adults,women,no
145,146,1st class,adults,man,no
318,319,1st class,adults,women,no
658,659,3rd class,adults,man,yes
457,458,2nd class,adults,man,no
144,145,1st class,adults,man,no
869,870,3rd class,adults,man,no
1178,1179,3rd class,adults,women,no
1291,1292,3rd class,child,women,yes
638,639,3rd class,adults,man,yes
1012,1013,3rd class,adults,man,no
83,84,1st class,adults,man,no
154,155,1st class,adults,man,no
1188,1189,3rd class,adults,women,no
1031,1032,3rd class,adults,man,no
792,793,3rd class,adults,man,no
127,128,1st class,adults,man,no
1237,1238,3rd class,child,man,yes
403,404,2nd class,adults,man,no
150,151,1st class,adults,man,no
1046,1047,3rd class,adults,man,no
413,414,2nd class,adults,man,no
716,717,3rd class,adults,man,no
796,797,3rd class,adults,man,no
1003,1004,3rd class,adults,man,no
1275,1276,3rd class,child,man,no
662,663,3rd class,adults,man,yes
1203,1204,3rd class,adults,women,no
352,353,2nd class,adults,man,no
95,96,1st class,adults,man,no
37,38,1st class,adults,man,yes
485,486,2nd class,adults,man,no
143,144,1st class,adults,man,no
580,581,2nd class,adults,women,no
158,159,1st class,adults,man,no
552,553,2nd class,adults,women,yes
656,657,3rd class,adults,man,yes
793,794,3rd class,adults,man,no
1195,1196,3rd class,adults,women,no
597,598,2nd class,child,women,yes
236,237,1st class,adults,women,yes
222,223,1st class,adults,women,yes
1153,1154,3rd class,adults,women,no
820,821,3rd class,adults,man,no
757,758,3rd class,adults,man,no
740,741,3rd class,adults,man,no
746,747,3rd class,adults,man,no
62,63,1st class,adults,man,no
193,194,1st class,adults,women,yes
235,236,1st class,adults,women,yes
181,182,1st class,adults,women,yes
841,842,3rd class,adults,man,no
521,522,2nd class,adults,women,yes
665,666,3rd class,adults,man,yes
1298,1299,3rd class,child,women,yes
587,588,2nd class,child,man,yes
382,383,2nd class,adults,man,no
1112,1113,3rd class,adults,women,yes
1218,1219,3rd class,adults,women,no
331,332,2nd class,adults,man,yes
262,263,1st class,adults,women,yes
6,7,1st class,adults,man,yes
266,267,1st class,adults,women,yes
38,39,1st class,adults,man,yes
1276,1277,3rd class,child,man,no
545,546,2nd class,adults,women,yes
118,119,1st class,adults,man,no
625,626,3rd class,adults,man,yes
105,106,1st class,adults,man,no
814,815,3rd class,adults,man,no
484,485,2nd class,adults,man,no
988,989,3rd class,adults,man,no
20,21,1st class,adults,man,yes
242,243,1st class,adults,women,yes
50,51,1st class,adults,man,yes
162,163,1st class,adults,man,no
830,831,3rd class,adults,man,no
1200,1201,3rd class,adults,women,no
853,854,3rd class,adults,man,no
301,302,1st class,adults,women,yes
172,173,1st class,adults,man,no
893,894,3rd class,adults,man,no
1138,1139,3rd class,adults,women,yes
1303,1304,3rd class,child,women,no
1210,1211,3rd class,adults,women,no
913,914,3rd class,adults,man,no
712,713,3rd class,adults,man,no
210,211,1st class,adults,women,yes
344,345,2nd class,adults,man,no
306,307,1st class,adults,women,yes
217,218,1st class,adults,women,yes
1290,1291,3rd class,child,women,yes
289,290,1st class,adults,women,yes
378,379,2nd class,adults,man,no
167,168,1st class,adults,man,no
421,422,2nd class,adults,man,no
1232,1233,3rd class,adults,women,no
616,617,3rd class,adults,man,yes
12,13,1st class,adults,man,yes
522,523,2nd class,adults,women,yes
946,947,3rd class,adults,man,no
68,69,1st class,adults,man,no
90,91,1st class,adults,man,no
1075,1076,3rd class,adults,women,yes
380,381,2nd class,adults,man,no
372,373,2nd class,adults,man,no
258,259,1st class,adults,women,yes
742,743,3rd class,adults,man,no
304,305,1st class,adults,women,yes
1176,1177,3rd class,adults,women,no
410,411,2nd class,adults,man,no
1271,1272,3rd class,child,man,no
669,670,3rd class,adults,man,yes
42,43,1st class,adults,man,yes
208,209,1st class,adults,women,yes
940,941,3rd class,adults,man,no
1266,1267,3rd class,child,man,no
1009,1010,3rd class,adults,man,no
596,597,2nd class,child,man,yes
848,849,3rd class,adults,man,no
515,516,2nd class,adults,women,yes
285,286,1st class,adults,women,yes
1242,1243,3rd class,child,man,yes
71,72,1st class,adults,man,no
561,562,2nd class,adults,women,yes
179,180,1st class,adults,women,yes
982,983,3rd class,adults,man,no
1230,1231,3rd class,adults,women,no
493,494,2nd class,adults,women,yes
116,117,1st class,adults,man,no
293,294,1st class,adults,women,yes
76,77,1st class,adults,man,no
48,49,1st class,adults,man,yes
693,694,3rd class,adults,man,no
1088,1089,3rd class,adults,women,yes
811,812,3rd class,adults,man,no
332,333,2nd class,adults,man,yes
576,577,2nd class,adults,women,no
622,623,3rd class,adults,man,yes
564,565,2nd class,adults,women,yes
817,818,3rd class,adults,man,no
771,772,3rd class,adults,man,no
409,410,2nd class,adults,man,no
1002,1003,3rd class,adults,man,no
1308,1309,3rd class,child,women,no
839,840,3rd class,adults,man,no
288,289,1st class,adults,women,yes
630,631,3rd class,adults,man,yes
524,525,2nd class,adults,women,yes
157,158,1st class,adults,man,no
337,338,2nd class,adults,man,yes
1241,1242,3rd class,child,man,yes
496,497,2nd class,adults,women,yes
46,47,1st class,adults,man,yes
874,875,3rd class,adults,man,no
462,463,2nd class,adults,man,no
768,769,3rd class,adults,man,no
1105,1106,3rd class,adults,women,yes
439,440,2nd class,adults,man,no
177,178,1st class,adults,women,yes
1000,1001,3rd class,adults,man,no
1199,1200,3rd class,adults,women,no
424,425,2nd class,adults,man,no
325,326,2nd class,adults,man,yes
1289,1290,3rd class,child,women,yes
664,665,3rd class,adults,man,yes
350,351,2nd class,adults,man,no
447,448,2nd class,adults,man,no
17,18,1st class,adults,man,yes
900,901,3rd class,adults,man,no
881,882,3rd class,adults,man,no
1157,1158,3rd class,adults,women,no
1224,1225,3rd class,adults,women,no
345,346,2nd class,adults,man,no
871,872,3rd class,adults,man,no
313,314,1st class,adults,women,yes
762,763,3rd class,adults,man,no
451,452,2nd class,adults,man,no
170,171,1st class,adults,man,no
699,700,3rd class,adults,man,no
1314,1315,3rd class,child,women,no
133,134,1st class,adults,man,no
1114,1115,3rd class,adults,women,yes
1051,1052,3rd class,adults,man,no
78,79,1st class,adults,man,no
1029,1030,3rd class,adults,man,no
346,347,2nd class,adults,man,no
396,397,2nd class,adults,man,no
1076,1077,3rd class,adults,women,yes
389,390,2nd class,adults,man,no
385,386,2nd class,adults,man,no
971,972,3rd class,adults,man,no
119,120,1st class,adults,man,no
1294,1295,3rd class,child,women,yes
974,975,3rd class,adults,man,no
229,230,1st class,adults,women,yes
1115,1116,3rd class,adults,women,yes
21,22,1st class,adults,man,yes
1179,1180,3rd class,adults,women,no
856,857,3rd class,adults,man,no
250,251,1st class,adults,women,yes
243,244,1st class,adults,women,yes
927,928,3rd class,adults,man,no
35,36,1st class,adults,man,yes
593,594,2nd class,child,man,yes
671,672,3rd class,adults,man,yes
507,508,2nd class,adults,women,yes
944,945,3rd class,adults,man,no
983,984,3rd class,adults,man,no
1202,1203,3rd class,adults,women,no
109,110,1st class,adults,man,no
754,755,3rd class,adults,man,no
379,380,2nd class,adults,man,no
614,615,3rd class,adults,man,yes
604,605,2nd class,child,women,yes
627,628,3rd class,adults,man,yes
660,661,3rd class,adults,man,yes
582,583,2nd class,adults,women,no
723,724,3rd class,adults,man,no
171,172,1st class,adults,man,no
677,678,3rd class,adults,man,yes
238,239,1st class,adults,women,yes
700,701,3rd class,adults,man,no
895,896,3rd class,adults,man,no
1136,1137,3rd class,adults,women,yes
709,710,3rd class,adults,man,no
1292,1293,3rd class,child,women,yes
321,322,1st class,child,man,yes
120,121,1st class,adults,man,no
1236,1237,3rd class,adults,women,no
155,156,1st class,adults,man,no
1118,1119,3rd class,adults,women,yes
624,625,3rd class,adults,man,yes
138,139,1st class,adults,man,no
125,126,1st class,adults,man,no
456,457,2nd class,adults,man,no
66,67,1st class,adults,man,no
1047,1048,3rd class,adults,man,no
1161,1162,3rd class,adults,women,no
1159,1160,3rd class,adults,women,no
626,627,3rd class,adults,man,yes
605,606,2nd class,child,women,yes
1301,1302,3rd class,child,women,no
1015,1016,3rd class,adults,man,no
178,179,1st class,adults,women,yes
1087,1088,3rd class,adults,women,yes
415,416,2nd class,adults,man,no
100,101,1st class,adults,man,no
1117,1118,3rd class,adults,women,yes
219,220,1st class,adults,women,yes
741,742,3rd class,adults,man,no
334,335,2nd class,adults,man,yes
114,115,1st class,adults,man,no
681,682,3rd class,adults,man,yes
220,221,1st class,adults,women,yes
391,392,2nd class,adults,man,no
1208,1209,3rd class,adults,women,no
309,310,1st class,adults,women,yes
1147,1148,3rd class,adults,women,yes
1229,1230,3rd class,adults,women,no
527,528,2nd class,adults,women,yes
815,816,3rd class,adults,man,no
245,246,1st class,adults,women,yes
685,686,3rd class,adults,man,no
518,519,2nd class,adults,women,yes
878,879,3rd class,adults,man,no
866,867,3rd class,adults,man,no
394,395,2nd class,adults,man,no
640,641,3rd class,adults,man,yes
104,105,1st class,adults,man,no
891,892,3rd class,adults,man,no
1049,1050,3rd class,adults,man,no
987,988,3rd class,adults,man,no
51,52,1st class,adults,man,yes
602,603,2nd class,child,women,yes
354,355,2nd class,adults,man,no
1233,1234,3rd class,adults,women,no
460,461,2nd class,adults,man,no
22,23,1st class,adults,man,yes
374,375,2nd class,adults,man,no
538,539,2nd class,adults,women,yes
218,219,1st class,adults,women,yes
585,586,2nd class,adults,women,no
906,907,3rd class,adults,man,no
846,847,3rd class,adults,man,no
884,885,3rd class,adults,man,no
414,415,2nd class,adults,man,no
205,206,1st class,adults,women,yes
1196,1197,3rd class,adults,women,no
497,498,2nd class,adults,women,yes
516,517,2nd class,adults,women,yes
702,703,3rd class,adults,man,no
676,677,3rd class,adults,man,yes
375,376,2nd class,adults,man,no
185,186,1st class,adults,women,yes
404,405,2nd class,adults,man,no
706,707,3rd class,adults,man,no
922,923,3rd class,adults,man,no
401,402,2nd class,adults,man,no
861,862,3rd class,adults,man,no
1069,1070,3rd class,adults,man,no
441,442,2nd class,adults,man,no
132,133,1st class,adults,man,no
745,746,3rd class,adults,man,no
173,174,1st class,adults,man,no
690,691,3rd class,adults,man,no
825,826,3rd class,adults,man,no
827,828,3rd class,adults,man,no
428,429,2nd class,adults,man,no
921,922,3rd class,adults,man,no
1295,1296,3rd class,child,women,yes
1132,1133,3rd class,adults,women,yes
718,719,3rd class,adults,man,no
282,283,1st class,adults,women,yes
96,97,1st class,adults,man,no
965,966,3rd class,adults,man,no
635,636,3rd class,adults,man,yes
738,739,3rd class,adults,man,no
499,500,2nd class,adults,women,yes
74,75,1st class,adults,man,no
89,90,1st class,adults,man,no
992,993,3rd class,adults,man,no
691,692,3rd class,adults,man,no
926,927,3rd class,adults,man,no
0,1,1st class,adults,man,yes
558,559,2nd class,adults,women,yes
683,684,3rd class,adults,man,yes
392,393,2nd class,adults,man,no
476,477,2nd class,adults,man,no
1165,1166,3rd class,adults,women,no
519,520,2nd class,adults,women,yes
107,108,1st class,adults,man,no
347,348,2nd class,adults,man,no
1107,1108,3rd class,adults,women,yes
1131,1132,3rd class,adults,women,yes
223,224,1st class,adults,women,yes
1039,1040,3rd class,adults,man,no
327,328,2nd class,adults,man,yes
875,876,3rd class,adults,man,no
102,103,1st class,adults,man,no
1092,1093,3rd class,adults,women,yes
620,621,3rd class,adults,man,yes
475,476,2nd class,adults,man,no
213,214,1st class,adults,women,yes
707,708,3rd class,adults,man,no
135,136,1st class,adults,man,no
852,853,3rd class,adults,man,no
246,247,1st class,adults,women,yes
1297,1298,3rd class,child,women,yes
1059,1060,3rd class,adults,man,no
1183,1184,3rd class,adults,women,no
1038,1039,3rd class,adults,man,no
1102,1103,3rd class,adults,women,yes
1019,1020,3rd class,adults,man,no
997,998,3rd class,adults,man,no
365,366,2nd class,adults,man,no
248,249,1st class,adults,women,yes
736,737,3rd class,adults,man,no
26,27,1st class,adults,man,yes
836,837,3rd class,adults,man,no
284,285,1st class,adults,women,yes
417,418,2nd class,adults,man,no
1228,1229,3rd class,adults,women,no
680,681,3rd class,adults,man,yes
994,995,3rd class,adults,man,no
1284,1285,3rd class,child,man,no
3,4,1st class,adults,man,yes
134,135,1st class,adults,man,no
837,838,3rd class,adults,man,no
355,356,2nd class,adults,man,no
292,293,1st class,adults,women,yes
698,699,3rd class,adults,man,no
1142,1143,3rd class,adults,women,yes
1122,1123,3rd class,adults,women,yes
1268,1269,3rd class,child,man,no
912,913,3rd class,adults,man,no
897,898,3rd class,adults,man,no
1018,1019,3rd class,adults,man,no
228,229,1st class,adults,women,yes
643,644,3rd class,adults,man,yes
225,226,1st class,adults,women,yes
226,227,1st class,adults,women,yes
842,843,3rd class,adults,man,no
369,370,2nd class,adults,man,no
1074,1075,3rd class,adults,women,yes
844,845,3rd class,adults,man,no
339,340,2nd class,adults,man,no
419,420,2nd class,adults,man,no
1129,1130,3rd class,adults,women,yes
603,604,2nd class,child,women,yes
1186,1187,3rd class,adults,women,no
265,266,1st class,adults,women,yes
454,455,2nd class,adults,man,no
916,917,3rd class,adults,man,no
63,64,1st class,adults,man,no
1133,1134,3rd class,adults,women,yes
1055,1056,3rd class,adults,man,no
360,361,2nd class,adults,man,no
237,238,1st class,adults,women,yes
650,651,3rd class,adults,man,yes
112,113,1st class,adults,man,no
1245,1246,3rd class,child,man,yes
1307,1308,3rd class,child,women,no
532,533,2nd class,adults,women,yes
577,578,2nd class,adults,women,no
810,811,3rd class,adults,man,no
126,127,1st class,adults,man,no
259,260,1st class,adults,women,yes
1080,1081,3rd class,adults,women,yes
148,149,1st class,adults,man,no
721,722,3rd class,adults,man,no
1044,1045,3rd class,adults,man,no
376,377,2nd class,adults,man,no
851,852,3rd class,adults,man,no
896,897,3rd class,adults,man,no
694,695,3rd class,adults,man,no
137,138,1st class,adults,man,no
1063,1064,3rd class,adults,man,no
7,8,1st class,adults,man,yes
502,503,2nd class,adults,women,yes
854,855,3rd class,adults,man,no
947,948,3rd class,adults,man,no
631,632,3rd class,adults,man,yes
1126,1127,3rd class,adults,women,yes
371,372,2nd class,adults,man,no
929,930,3rd class,adults,man,no
29,30,1st class,adults,man,yes
411,412,2nd class,adults,man,no
407,408,2nd class,adults,man,no
1282,1283,3rd class,child,man,no
357,358,2nd class,adults,man,no
353,354,2nd class,adults,man,no
788,789,3rd class,adults,man,no
153,154,1st class,adults,man,no
566,567,2nd class,adults,women,yes
542,543,2nd class,adults,women,yes
343,344,2nd class,adults,man,no
305,306,1st class,adults,women,yes
612,613,3rd class,adults,man,yes
4,5,1st class,adults,man,yes
280,281,1st class,adults,women,yes
1127,1128,3rd class,adults,women,yes
1173,1174,3rd class,adults,women,no
1273,1274,3rd class,child,man,no
56,57,1st class,adults,man,yes
400,401,2nd class,adults,man,no
572,573,2nd class,adults,women,yes
962,963,3rd class,adults,man,no
473,474,2nd class,adults,man,no
468,469,2nd class,adults,man,no
1050,1051,3rd class,adults,man,no
1064,1065,3rd class,adults,man,no
1244,1245,3rd class,child,man,yes
1026,1027,3rd class,adults,man,no
776,777,3rd class,adults,man,no
847,848,3rd class,adults,man,no
504,505,2nd class,adults,women,yes
534,535,2nd class,adults,women,yes
720,721,3rd class,adults,man,no
903,904,3rd class,adults,man,no
13,14,1st class,adults,man,yes
648,649,3rd class,adults,man,yes
679,680,3rd class,adults,man,yes
550,551,2nd class,adults,women,yes
838,839,3rd class,adults,man,no
1169,1170,3rd class,adults,women,no
781,782,3rd class,adults,man,no
300,301,1st class,adults,women,yes
1110,1111,3rd class,adults,women,yes
1061,1062,3rd class,adults,man,no
945,946,3rd class,adults,man,no
570,571,2nd class,adults,women,yes
163,164,1st class,adults,man,no
636,637,3rd class,adults,man,yes
666,667,3rd class,adults,man,yes
336,337,2nd class,adults,man,yes
59,60,1st class,adults,man,no
1181,1182,3rd class,adults,women,no
1225,1226,3rd class,adults,women,no
53,54,1st class,adults,man,yes
490,491,2nd class,adults,man,no
326,327,2nd class,adults,man,yes
449,450,2nd class,adults,man,no
855,856,3rd class,adults,man,no
1030,1031,3rd class,adults,man,no
1024,1025,3rd class,adults,man,no
1091,1092,3rd class,adults,women,yes
823,824,3rd class,adults,man,no
939,940,3rd class,adults,man,no
826,827,3rd class,adults,man,no
437,438,2nd class,adults,man,no
670,671,3rd class,adults,man,yes
563,564,2nd class,adults,women,yes
1103,1104,3rd class,adults,women,yes
1231,1232,3rd class,adults,women,no
786,787,3rd class,adults,man,no
873,874,3rd class,adults,man,no
1272,1273,3rd class,child,man,no
819,820,3rd class,adults,man,no
1006,1007,3rd class,adults,man,no
586,587,2nd class,child,man,yes
941,942,3rd class,adults,man,no
348,349,2nd class,adults,man,no
1267,1268,3rd class,child,man,no
1028,1029,3rd class,adults,man,no
463,464,2nd class,adults,man,no
1226,1227,3rd class,adults,women,no
653,654,3rd class,adults,man,yes
573,574,2nd class,adults,women,no
647,648,3rd class,adults,man,yes
595,596,2nd class,child,man,yes
890,891,3rd class,adults,man,no
470,471,2nd class,adults,man,no
800,801,3rd class,adults,man,no
281,282,1st class,adults,women,yes
932,933,3rd class,adults,man,no
732,733,3rd class,adults,man,no
715,716,3rd class,adults,man,no
832,833,3rd class,adults,man,no
951,952,3rd class,adults,man,no
1037,1038,3rd class,adults,man,no
455,456,2nd class,adults,man,no
584,585,2nd class,adults,women,no
147,148,1st class,adults,man,no
160,161,1st class,adults,man,no
750,751,3rd class,adults,man,no
859,860,3rd class,adults,man,no
952,953,3rd class,adults,man,no
1100,1101,3rd class,adults,women,yes
628,629,3rd class,adults,man,yes
606,607,2nd class,child,women,yes
164,165,1st class,adults,man,no
106,107,1st class,adults,man,no
1040,1041,3rd class,adults,man,no
617,618,3rd class,adults,man,yes
1097,1098,3rd class,adults,women,yes
329,330,2nd class,adults,man,yes
480,481,2nd class,adults,man,no
498,499,2nd class,adults,women,yes
1220,1221,3rd class,adults,women,no
93,94,1st class,adults,man,no
809,810,3rd class,adults,man,no
433,434,2nd class,adults,man,no
43,44,1st class,adults,man,yes
860,861,3rd class,adults,man,no
1150,1151,3rd class,adults,women,no
967,968,3rd class,adults,man,no
710,711,3rd class,adults,man,no
1283,1284,3rd class,child,man,no
1252,1253,3rd class,child,man,no
765,766,3rd class,adults,man,no
885,886,3rd class,adults,man,no
556,557,2nd class,adults,women,yes
1249,1250,3rd class,child,man,yes
69,70,1st class,adults,man,no
514,515,2nd class,adults,women,yes
509,510,2nd class,adults,women,yes
340,341,2nd class,adults,man,no
221,222,1st class,adults,women,yes
146,147,1st class,adults,man,no
1053,1054,3rd class,adults,man,no
803,804,3rd class,adults,man,no
508,509,2nd class,adults,women,yes
1175,1176,3rd class,adults,women,no
176,177,1st class,adults,women,yes
804,805,3rd class,adults,man,no
168,169,1st class,adults,man,no
1137,1138,3rd class,adults,women,yes
1205,1206,3rd class,adults,women,no
129,130,1st class,adults,man,no
189,190,1st class,adults,women,yes
136,137,1st class,adults,man,no
894,895,3rd class,adults,man,no
197,198,1st class,adults,women,yes
290,291,1st class,adults,women,yes
36,37,1st class,adults,man,yes
767,768,3rd class,adults,man,no
232,233,1st class,adults,women,yes
645,646,3rd class,adults,man,yes
33,34,1st class,adults,man,yes
1270,1271,3rd class,child,man,no
1068,1069,3rd class,adults,man,no
865,866,3rd class,adults,man,no
341,342,2nd class,adults,man,no
1085,1086,3rd class,adults,women,yes
199,200,1st class,adults,women,yes
429,430,2nd class,adults,man,no
1296,1297,3rd class,child,women,yes
876,877,3rd class,adults,man,no
730,731,3rd class,adults,man,no
919,920,3rd class,adults,man,no
297,298,1st class,adults,women,yes
73,74,1st class,adults,man,no
807,808,3rd class,adults,man,no
547,548,2nd class,adults,women,yes
949,950,3rd class,adults,man,no
1192,1193,3rd class,adults,women,no
821,822,3rd class,adults,man,no
663,664,3rd class,adults,man,yes
1182,1183,3rd class,adults,women,no
623,624,3rd class,adults,man,yes
212,213,1st class,adults,women,yes
1035,1036,3rd class,adults,man,no
1190,1191,3rd class,adults,women,no
1217,1218,3rd class,adults,women,no
727,728,3rd class,adults,man,no
701,702,3rd class,adults,man,no
1022,1023,3rd class,adults,man,no
1257,1258,3rd class,child,man,no
234,235,1st class,adults,women,yes
1007,1008,3rd class,adults,man,no
978,979,3rd class,adults,man,no
67,68,1st class,adults,man,no
24,25,1st class,adults,man,yes
216,217,1st class,adults,women,yes
812,813,3rd class,adults,man,no
735,736,3rd class,adults,man,no
111,112,1st class,adults,man,no
166,167,1st class,adults,man,no
1255,1256,3rd class,child,man,no
207,208,1st class,adults,women,yes
274,275,1st class,adults,women,yes
41,42,1st class,adults,man,yes
591,592,2nd class,child,man,yes
525,526,2nd class,adults,women,yes
287,288,1st class,adults,women,yes
469,470,2nd class,adults,man,no
121,122,1st class,adults,man,no
1311,1312,3rd class,child,women,no
928,929,3rd class,adults,man,no
673,674,3rd class,adults,man,yes
1141,1142,3rd class,adults,women,yes
886,887,3rd class,adults,man,no
956,957,3rd class,adults,man,no
25,26,1st class,adults,man,yes
1134,1135,3rd class,adults,women,yes
149,150,1st class,adults,man,no
925,926,3rd class,adults,man,no
696,697,3rd class,adults,man,no
843,844,3rd class,adults,man,no
889,890,3rd class,adults,man,no
598,599,2nd class,child,women,yes
1020,1021,3rd class,adults,man,no
139,140,1st class,adults,man,no
749,750,3rd class,adults,man,no
1004,1005,3rd class,adults,man,no
323,324,1st class,child,man,yes
180,181,1st class,adults,women,yes
450,451,2nd class,adults,man,no
607,608,2nd class,child,women,yes
1043,1044,3rd class,adults,man,no
296,297,1st class,adults,women,yes
94,95,1st class,adults,man,no
1193,1194,3rd class,adults,women,no
637,638,3rd class,adults,man,yes
286,287,1st class,adults,women,yes
488,489,2nd class,adults,man,no
444,445,2nd class,adults,man,no
275,276,1st class,adults,women,yes
806,807,3rd class,adults,man,no
1152,1153,3rd class,adults,women,no
32,33,1st class,adults,man,yes
1104,1105,3rd class,adults,women,yes
307,308,1st class,adults,women,yes
770,771,3rd class,adults,man,no
11,12,1st class,adults,man,yes
872,873,3rd class,adults,man,no
1067,1068,3rd class,adults,man,no
86,87,1st class,adults,man,no
778,779,3rd class,adults,man,no
1060,1061,3rd class,adults,man,no
1304,1305,3rd class,child,women,no
1082,1083,3rd class,adults,women,yes
1065,1066,3rd class,adults,man,no
782,783,3rd class,adults,man,no
562,563,2nd class,adults,women,yes
209,210,1st class,adults,women,yes
1172,1173,3rd class,adults,women,no
739,740,3rd class,adults,man,no
594,595,2nd class,child,man,yes
123,124,1st class,adults,man,no
734,735,3rd class,adults,man,no
931,932,3rd class,adults,man,no
98,99,1st class,adults,man,no
377,378,2nd class,adults,man,no
130,131,1st class,adults,man,no
23,24,1st class,adults,man,yes
1235,1236,3rd class,adults,women,no
555,556,2nd class,adults,women,yes
370,371,2nd class,adults,man,no
383,384,2nd class,adults,man,no
201,202,1st class,adults,women,yes
917,918,3rd class,adults,man,no
368,369,2nd class,adults,man,no
973,974,3rd class,adults,man,no
387,388,2nd class,adults,man,no
816,817,3rd class,adults,man,no
256,257,1st class,adults,women,yes
1221,1222,3rd class,adults,women,no
1119,1120,3rd class,adults,women,yes
169,170,1st class,adults,man,no
560,561,2nd class,adults,women,yes
373,374,2nd class,adults,man,no
909,910,3rd class,adults,man,no
719,720,3rd class,adults,man,no
791,792,3rd class,adults,man,no
954,955,3rd class,adults,man,no
1167,1168,3rd class,adults,women,no
1204,1205,3rd class,adults,women,no
868,869,3rd class,adults,man,no
972,973,3rd class,adults,man,no
1155,1156,3rd class,adults,women,no
1281,1282,3rd class,child,man,no
1071,1072,3rd class,adults,man,no
964,965,3rd class,adults,man,no
774,775,3rd class,adults,man,no
324,325,1st class,child,women,yes
203,204,1st class,adults,women,yes
84,85,1st class,adults,man,no
633,634,3rd class,adults,man,yes
908,909,3rd class,adults,man,no
611,612,3rd class,adults,man,yes
398,399,2nd class,adults,man,no
91,92,1st class,adults,man,no
1106,1107,3rd class,adults,women,yes
430,431,2nd class,adults,man,no
779,780,3rd class,adults,man,no
1143,1144,3rd class,adults,women,yes
291,292,1st class,adults,women,yes
57,58,1st class,adults,man,no
257,258,1st class,adults,women,yes
888,889,3rd class,adults,man,no
1279,1280,3rd class,child,man,no
1066,1067,3rd class,adults,man,no
388,389,2nd class,adults,man,no
335,336,2nd class,adults,man,yes
273,274,1st class,adults,women,yes
756,757,3rd class,adults,man,no
1077,1078,3rd class,adults,women,yes
1269,1270,3rd class,child,man,no
128,129,1st class,adults,man,no
802,803,3rd class,adults,man,no
28,29,1st class,adults,man,yes
1207,1208,3rd class,adults,women,no
882,883,3rd class,adults,man,no
510,511,2nd class,adults,women,yes
675,676,3rd class,adults,man,yes
151,152,1st class,adults,man,no
244,245,1st class,adults,women,yes
714,715,3rd class,adults,man,no
543,544,2nd class,adults,women,yes
544,545,2nd class,adults,women,yes
639,640,3rd class,adults,man,yes
697,698,3rd class,adults,man,no
423,424,2nd class,adults,man,no
910,911,3rd class,adults,man,no
1171,1172,3rd class,adults,women,no
659,660,3rd class,adults,man,yes
797,798,3rd class,adults,man,no
1293,1294,3rd class,child,women,yes
1201,1202,3rd class,adults,women,no
99,100,1st class,adults,man,no
850,851,3rd class,adults,man,no
448,449,2nd class,adults,man,no
755,756,3rd class,adults,man,no
976,977,3rd class,adults,man,no
115,116,1st class,adults,man,no
777,778,3rd class,adults,man,no
72,73,1st class,adults,man,no
845,846,3rd class,adults,man,no
537,538,2nd class,adults,women,yes
849,850,3rd class,adults,man,no
174,175,1st class,adults,man,no
87,88,1st class,adults,man,no
551,552,2nd class,adults,women,yes
705,706,3rd class,adults,man,no
314,315,1st class,adults,women,yes
600,601,2nd class,child,women,yes
1094,1095,3rd class,adults,women,yes
599,600,2nd class,child,women,yes
277,278,1st class,adults,women,yes
1033,1034,3rd class,adults,man,no
763,764,3rd class,adults,man,no
835,836,3rd class,adults,man,no
1216,1217,3rd class,adults,women,no
559,560,2nd class,adults,women,yes
684,685,3rd class,adults,man,yes
